{
  "loss": [
    0.016019852831959724,
    0.0019965076353400946,
    0.0017867066198959947,
    0.0015816034283488989,
    0.001523094135336578,
    0.0014297468587756157,
    0.0011825532419607043,
    0.0012746918946504593,
    0.0010166749125346541,
    0.001132362405769527,
    0.0010981642408296466,
    0.0011649823281913996,
    0.0009865578031167388,
    0.0009349579340778291,
    0.0009377439855597913,
    0.0009622363722883165,
    0.0009389919578097761,
    0.0008796870824880898
  ],
  "val_loss": [
    0.004750225227326155,
    0.0014549049083143473,
    0.0012928034411743283,
    0.0021627864334732294,
    0.004508663434535265,
    0.001450766809284687,
    0.0011808358831331134,
    0.0015149656683206558,
    0.0014089636970311403,
    0.0010985040571540594,
    0.0015749892918393016,
    0.0011615380644798279,
    0.0009222388616763055,
    0.0010603111004456878,
    0.0012826828751713037,
    0.0009494348778389394,
    0.0012575628934428096,
    0.001184476655907929
  ]
}