{
  "RMSE": 17.379642486572266,
  "MAE": 14.101123809814453,
  "MAPE_%": 5.827216293431817,
  "n_test": 623
}