{
  "RMSE": 17.3796443939209,
  "MAE": 14.101123809814453,
  "MAPE_%": 5.827216670751865,
  "n_test": 623
}